"Reference","Qty","Value","DNP","Exclude from BOM","Exclude from Board","Footprint","Datasheet","LCSC","Mouser","Populated","RPROG","Aliexpress"
"AE1","1","FRACTUS","","","","iot-postbox:NN01-102","https://www.ignion.io/files/UM_NN01-102.pdf","","NN01-102","","",""
"AE2","1","Coil","","","","iot-postbox:868Mhz_sprin_antenna_SW868-TH13","~","T3-868M or VG868SNX18-5W2","-","","","SW868-TH13"
"AE3,AE4","2","uFL","","","","Connector_Coaxial:U.FL_Molex_MCRF_73412-0110_Vertical","~","C88373 or C88374","RECE.20279.001E.01","","",""
"C1,C4,C7,C9,C11,C15,C16,C20,C21","9","0.1uF","","","","Capacitor_SMD:C_0603_1608Metric","~","","CL10B104KB8NNWC","","",""
"C2,C17,C18,C19","4","10uF","","","","Capacitor_SMD:C_1206_3216Metric","~","","CL31A106KAHNNNF","","",""
"C3,C8,C14","3","1uF","","","","Capacitor_SMD:C_0805_2012Metric","~","","EMK212BJ105KG-T","","",""
"C5,C6","2","15pF","","","","Capacitor_SMD:C_0603_1608Metric","~","","06035A150JAT2A","","",""
"C10","1","100pF","","","","Capacitor_SMD:C_0603_1608Metric","~","","GRM1885C1H101JA01D","","",""
"C12","1","2.3pF","","","","Capacitor_SMD:C_0402_1005Metric","~","","GRM1555C2A2R3CA01J","","",""
"C13","1","TBD","","","","Capacitor_SMD:C_0402_1005Metric","~","","AC0402JR-130RL","","",""
"C22,C23,C24,C25","4","1uF","","","","Capacitor_SMD:C_0603_1608Metric","~","","CL10A105KA8NNNC","","",""
"D1","1","BAT60JFILM","","","","Diode_SMD:D_SOD-323","https://www.infineon.com/dgdl/Infineon-BAT60ASERIES-DS-v01_01-en.pdf?fileId=db3a304313d846880113def70c9304a9","C133103","","","",""
"D2","1","CHRG","","","","LED_SMD:LED_0805_2012Metric","~","","","","",""
"D3","1","CHRG DONE","","","","LED_SMD:LED_0805_2012Metric","~","","","","",""
"J1","1","USB_B_Micro","","","","Connector_USB:USB_Micro-B_Amphenol_10118194_Horizontal","~","","","","",""
"J2","1","JTAG","","","","Connector_PinHeader_2.54mm:PinHeader_2x05_P2.54mm_Vertical_SMD","~","C124391","","","",""
"J3","1","LED","","","","Connector_PinHeader_2.54mm:PinHeader_1x03_P2.54mm_Vertical","~","","","","",""
"J4","1","BAT","","","","Connector_PinHeader_2.54mm:PinHeader_1x02_P2.54mm_Vertical","~","","","","",""
"J5","1","3V3_LDO2","","","","Connector_PinHeader_2.54mm:PinHeader_1x02_P2.54mm_Vertical","~","","","","",""
"J6","1","EXT1","","","","Connector_PinHeader_2.54mm:PinHeader_1x06_P2.54mm_Vertical","~","","","","",""
"J7","1","EXT2","","","","Connector_PinHeader_2.54mm:PinHeader_1x06_P2.54mm_Vertical","~","","","","",""
"JP1","1","ESP32_ANT","","","","iot-postbox:Jumper_0402_x3","~","","AC0402JR-130RL","","",""
"JP2","1","LORA_ANT","","","","iot-postbox:Jumper_0402_x3","~","","AC0402JR-130RL","","",""
"JP3","1","JTAG_VCC","","","","Jumper:SolderJumper-3_P2.0mm_Open_TrianglePad1.0x1.5mm_NumberLabels","~","","-","","",""
"JP4","1","VDD_STAT","","","","Jumper:SolderJumper-3_P1.3mm_Bridged12_RoundedPad1.0x1.5mm_NumberLabels","~","","-","","",""
"JP5","1","VBAT_STAT_SENSE","","","","Jumper:SolderJumper-2_P1.3mm_Bridged_RoundedPad1.0x1.5mm","~","","-","","",""
"JP6","1","3V3_LDO2_EN","","","","Jumper:SolderJumper-3_P1.3mm_Bridged12_RoundedPad1.0x1.5mm_NumberLabels","~","","-","","",""
"L1","1","4.7nH","","","","Inductor_SMD:L_0402_1005Metric","~","","LCCI0402S4N7GTAR or shielded 7447840047G","","",""
"LOGO1","1","Logo_Open_Hardware_Small","","","","Symbol:OSHW-Logo_5.7x6mm_SilkScreen","~","","","","",""
"LOGO2","1","iot-postbox_logo","","","","iot-postbox:iot-postbox_logo","","","","","",""
"Q1","1","AO3401A","","","","Package_TO_SOT_SMD:SOT-23","http://www.aosmd.com/pdfs/datasheet/AO3401A.pdf","C2836398","","","",""
"R1,R2","2","22","","","","Resistor_SMD:R_0603_1608Metric","~","","RC0603FR-1022RL","TBD","",""
"R3,R8,R11,R12,R13","5","10k","","","","Resistor_SMD:R_0603_1608Metric","~","","RC0603JR-0710KL","TBD","",""
"R4,R5,R21,R22","4","100k","","","","Resistor_SMD:R_0603_1608Metric","~","","RK73B1JTTD104J","TBD","",""
"R6","1","442k","","","","Resistor_SMD:R_0805_2012Metric","~","","RC0805FR-07442KL","","",""
"R7","1","160k","","","","Resistor_SMD:R_0805_2012Metric","~","","CR0805-FX-1603ELF","","",""
"R9","1","3.3k","","","","Resistor_SMD:R_0805_2012Metric","~","","RC0805FR-133K3L","","",""
"R10","1","2k","","","","Resistor_SMD:R_0805_2012Metric","~","","RT0805FRE072KL","","",""
"R14","1","100k","","","","Resistor_SMD:R_0805_2012Metric","~","","RC0805FR-07100KL","","",""
"R15","1","2k2","","","","Resistor_SMD:R_0805_2012Metric","~","","CR0805-JW-222ELF","","RPROG",""
"R16,R17","2","1k","","","","Resistor_SMD:R_0805_2012Metric","~","","AC0805FR-071KL","","",""
"R18","1","10k","","","","Resistor_SMD:R_0805_2012Metric","~","","AC0805JR-0710KL","","",""
"R19","1","27k","","","","Resistor_SMD:R_0805_2012Metric","~","","RC0805FR-1327KL","","",""
"R20","1","33k","","","","Resistor_SMD:R_0805_2012Metric","~","","RC0805FR-0733KL","","",""
"SW1","1","SW1","","","","Connector_PinHeader_2.54mm:PinHeader_1x02_P2.54mm_Vertical","~","","","","",""
"SW2","1","SW2","","","","Connector_PinHeader_2.54mm:PinHeader_1x02_P2.54mm_Vertical","~","","","","",""
"SW3","1","BOOT","","","","Button_Switch_SMD:SW_Push_SPST_NO_Alps_SKRK","~","C843669","","","",""
"SW4","1","RST","","","","Button_Switch_SMD:SW_Push_SPST_NO_Alps_SKRK","~","C843669","","","",""
"TP1","1","VBUS","","","","TestPoint:TestPoint_Pad_D2.5mm","~","","","","",""
"TP2","1","GND","","","","TestPoint:TestPoint_Pad_D2.5mm","~","","","","",""
"TP3","1","VBAT_STAT","","","","TestPoint:TestPoint_Pad_D2.0mm","~","","","","",""
"TP4","1","3V3_LDO","","","","TestPoint:TestPoint_Pad_D2.0mm","~","","","","",""
"U1","1","ESP32-S2","","","","iot-postbox:ESP32_S2_QFN56","https://www.espressif.com/sites/default/files/documentation/esp32-s2_datasheet_en.pdf","","ESP32-S2","","",""
"U2","1","W25Q128JVS","","","","Package_SO:SOIC-8_5.23x5.23mm_P1.27mm","http://www.winbond.com/resource-files/w25q128jv_dtr%20revc%2003272018%20plus.pdf","","W25Q128JVSIM TR","","",""
"U3","1","LY68L6400SLIT","","","","Package_SO:SOP-8_3.9x4.9mm_P1.27mm","https://datasheet.lcsc.com/szlcsc/Lyontek-Inc-LY68L6400SLIT_C261881.pdf","C261881","-","","","https://www.aliexpress.com/item/4000164056594.html"
"U4","1","RFM95W-868S2","","","","RF_Module:HOPERF_RFM9XW_SMD","https://www.hoperf.com/data/upload/portal/20181127/5bfcbea20e9ef.pdf","C2844472","","","","https://es.aliexpress.com/item/32810607598.html"
"U5","1","MCP73831-2-OT","","","","Package_TO_SOT_SMD:SOT-23-5","http://ww1.microchip.com/downloads/en/DeviceDoc/20001984g.pdf","C113540 or C32574 and C668215","MCP73831T-2ACI/OT","","",""
"U6,U7","2","NCP167BMX330TBG","","","","iot-postbox:NCP167BMX330TBG_XDFN4","https://www.onsemi.com/pdf/datasheet/ncp167-d.pdf","C892227","NCP167BMX330TBG","","",""
"Y1","1","40MHz","","","","iot-postbox:ECS-400-10-37B2-CKM-TR","~","","ECS-400-10-37B2-CKM","","",""
